                  epoch,         train/box_loss,         train/cls_loss,         train/dfl_loss,   metrics/precision(B),      metrics/recall(B),       metrics/mAP50(B),    metrics/mAP50-95(B),           val/box_loss,           val/cls_loss,           val/dfl_loss,                 lr/pg0,                 lr/pg1,                 lr/pg2
                      0,                 1.1201,                 2.7091,                 1.0305,                0.43793,                0.38907,                0.35764,                0.22586,                 1.0622,                 1.7709,                0.93223,               0.070075,               0.003325,               0.003325
                      1,                 1.0929,                 1.8358,                 1.0228,                0.52667,                0.47293,                0.46234,                0.30536,                 1.0406,                 1.5194,                0.93724,               0.038757,                0.00534,                0.00534
                      2,                 1.0926,                 1.6598,                 1.0269,                0.59348,                0.45734,                0.50236,                0.33195,                 1.0631,                 1.4347,                0.95404,              0.0061183,               0.006035,               0.006035
                      3,                 1.0487,                 1.5705,                 1.0126,                0.55618,                0.54021,                0.53707,                0.35877,                0.99579,                 1.3667,                0.93372,                0.00406,                0.00406,                0.00406
                      4,                 1.0069,                   1.46,                0.99514,                0.58587,                0.55997,                0.56225,                0.36595,                 1.0471,                 1.3143,                0.93874,                0.00406,                0.00406,                0.00406
