{
    "box_0": {
        "2d_bbox": [
            -133.8325,
            697.7809,
            66.92036,
            793.2252
        ],
        "3d_points": [
            [
                36.39238869455473,
                19.37906825884152,
                -2.0049
            ],
            [
                32.89332608576644,
                19.460067393279456,
                -2.0049
            ],
            [
                32.93961130544526,
                21.45953174115848,
                -2.0049
            ],
            [
                36.438673914233554,
                21.378532606720544,
                -2.0049
            ],
            [
                36.39238869455473,
                19.37906825884152,
                -0.2748999999999999
            ],
            [
                32.89332608576644,
                19.460067393279456,
                -0.2748999999999999
            ],
            [
                32.93961130544526,
                21.45953174115848,
                -0.2748999999999999
            ],
            [
                36.438673914233554,
                21.378532606720544,
                -0.2748999999999999
            ]
        ],
        "alpha": 0.0,
        "axis": [
            0.0,
            0.0,
            1.0
        ],
        "center": [
            34.666,
            20.4193,
            -1.1399
        ],
        "class": "Car",
        "id": 0,
        "occlusion": 2.0,
        "rot_angle": 3.118447977464345,
        "size": [
            3.5,
            2.0,
            1.73
        ],
        "truncation": 2.0
    },
    "box_1": {
        "2d_bbox": [
            1330.264,
            710.613,
            1728.596,
            942.255
        ],
        "3d_points": [
            [
                13.015200000000004,
                -3.7691499999999993,
                -1.7120000000000002
            ],
            [
                17.495199999999997,
                -3.7691499999999993,
                -1.7120000000000002
            ],
            [
                17.495199999999997,
                -5.639149999999999,
                -1.7120000000000002
            ],
            [
                13.015200000000004,
                -5.639149999999999,
                -1.7120000000000002
            ],
            [
                13.015200000000004,
                -3.7691499999999993,
                -0.14200000000000002
            ],
            [
                17.495199999999997,
                -3.7691499999999993,
                -0.14200000000000002
            ],
            [
                17.495199999999997,
                -5.639149999999999,
                -0.14200000000000002
            ],
            [
                13.015200000000004,
                -5.639149999999999,
                -0.14200000000000002
            ]
        ],
        "alpha": 0.0,
        "axis": [
            1.0,
            0.0,
            0.0
        ],
        "center": [
            15.2552,
            -4.704149999999999,
            -0.927
        ],
        "class": "Car",
        "id": 1,
        "occlusion": 0.0,
        "rot_angle": 0.0,
        "size": [
            4.479999999999994,
            1.87,
            1.57
        ],
        "truncation": 0.0
    },
    "box_2": {
        "2d_bbox": [
            942.0939,
            680.1047,
            1057.985,
            770.2891
        ],
        "3d_points": [
            [
                31.136656035760844,
                0.4325616592409215,
                -1.4957000000000003
            ],
            [
                34.63554957923712,
                0.34456182162743254,
                -1.4957000000000003
            ],
            [
                34.58174396423916,
                -1.7947616592409217,
                -1.4957000000000003
            ],
            [
                31.08285042076288,
                -1.706761821627433,
                -1.4957000000000003
            ],
            [
                31.136656035760844,
                0.4325616592409215,
                0.07429999999999992
            ],
            [
                34.63554957923712,
                0.34456182162743254,
                0.07429999999999992
            ],
            [
                34.58174396423916,
                -1.7947616592409217,
                0.07429999999999992
            ],
            [
                31.08285042076288,
                -1.706761821627433,
                0.07429999999999992
            ]
        ],
        "alpha": 0.0,
        "axis": [
            0.0,
            0.0,
            -1.0
        ],
        "center": [
            32.8592,
            -0.6811000000000001,
            -0.7107000000000001
        ],
        "class": "Car",
        "id": 2,
        "occlusion": 0.0,
        "rot_angle": 0.02514546055102344,
        "size": [
            3.5,
            2.14,
            1.57
        ],
        "truncation": 0.0
    },
    "box_3": {
        "2d_bbox": [
            618.0557,
            682.1148,
            805.0467,
            806.8234
        ],
        "3d_points": [
            [
                21.049299999999995,
                4.333500000000001,
                -1.44375
            ],
            [
                24.549299999999995,
                4.333500000000001,
                -1.44375
            ],
            [
                24.549299999999995,
                2.3335000000000004,
                -1.44375
            ],
            [
                21.049299999999995,
                2.3335000000000004,
                -1.44375
            ],
            [
                21.049299999999995,
                4.333500000000001,
                0.026249999999999774
            ],
            [
                24.549299999999995,
                4.333500000000001,
                0.026249999999999774
            ],
            [
                24.549299999999995,
                2.3335000000000004,
                0.026249999999999774
            ],
            [
                21.049299999999995,
                2.3335000000000004,
                0.026249999999999774
            ]
        ],
        "alpha": 0.0,
        "axis": [
            1.0,
            0.0,
            0.0
        ],
        "center": [
            22.799299999999995,
            3.3335000000000004,
            -0.7087500000000002
        ],
        "class": "Car",
        "id": 3,
        "occlusion": 0.0,
        "rot_angle": 0.0,
        "size": [
            3.5,
            2.0,
            1.47
        ],
        "truncation": 0.0
    },
    "box_4": {
        "2d_bbox": [
            1079.717,
            611.4694,
            1174.791,
            714.8179
        ],
        "3d_points": [
            [
                66.79452868295392,
                -5.045873029493757,
                -1.1381000000000001
            ],
            [
                74.3445071381812,
                -5.027836244746158,
                -1.1381000000000001
            ],
            [
                74.35227131704606,
                -8.277826970506242,
                -1.1381000000000001
            ],
            [
                66.80229286181878,
                -8.29586375525384,
                -1.1381000000000001
            ],
            [
                66.79452868295392,
                -5.045873029493757,
                2.7319
            ],
            [
                74.3445071381812,
                -5.027836244746158,
                2.7319
            ],
            [
                74.35227131704606,
                -8.277826970506242,
                2.7319
            ],
            [
                66.80229286181878,
                -8.29586375525384,
                2.7319
            ]
        ],
        "alpha": 0.0,
        "axis": [
            0.0,
            0.0,
            1.0
        ],