{
    "box_0": {
        "2d_bbox": [
            940.623291015625,
            648.376403808594,
            1075.26708984375,
            760.809875488281
        ],
        "3d_points": [
            [
                42.30280499999999,
                0.624261,
                -1.8135000000000001
            ],
            [
                47.33280499999999,
                0.624261,
                -1.8135000000000001
            ],
            [
                47.33280499999999,
                -2.755739,
                -1.8135000000000001
            ],
            [
                42.30280499999999,
                -2.755739,
                -1.8135000000000001
            ],
            [
                42.30280499999999,
                0.624261,
                0.8564999999999998
            ],
            [
                47.33280499999999,
                0.624261,
                0.8564999999999998
            ],
            [
                47.33280499999999,
                -2.755739,
                0.8564999999999998
            ],
            [
                42.30280499999999,
                -2.755739,
                0.8564999999999998
            ]
        ],
        "alpha": 0.0,
        "axis": [
            1.0,
            0.0,
            0.0
        ],
        "center": [
            44.81780499999999,
            -1.065739,
            -0.47850000000000015
        ],
        "class": "VanSUV",
        "id": 0,
        "occlusion": 1.0,
        "rot_angle": 0.0,
        "size": [
            5.03,
            3.38,
            2.67
        ],
        "truncation": 0.0
    },
    "box_1": {
        "2d_bbox": [
            779.227172851563,
            688.137084960938,
            865.541564941406,
            745.828857421875
        ],
        "3d_points": [
            [
                50.68083,
                5.5923704999999995,
                -1.74445
            ],
            [
                54.59083,
                5.5923704999999995,
                -1.74445
            ],
            [
                54.59083,
                3.2323705,
                -1.74445
            ],
            [
                50.68083,
                3.2323705,
                -1.74445
            ],
            [
                50.68083,
                5.5923704999999995,
                -0.11445000000000027
            ],
            [
                54.59083,
                5.5923704999999995,
                -0.11445000000000027
            ],
            [
                54.59083,
                3.2323705,
                -0.11445000000000027
            ],
            [
                50.68083,
                3.2323705,
                -0.11445000000000027
            ]
        ],
        "alpha": 0.0,
        "axis": [
            1.0,
            0.0,
            0.0
        ],
        "center": [
            52.63583,
            4.4123705,
            -0.9294500000000002
        ],
        "class": "Car",
        "id": 1,
        "occlusion": 1.0,
        "rot_angle": 0.0,
        "size": [
            3.91,
            2.36,
            1.63
        ],
        "truncation": 0.0
    },
    "box_2": {
        "2d_bbox": [
            614.270446777344,
            676.810791015625,
            801.448791503906,
            810.738403320313
        ],
        "3d_points": [
            [
                18.219269536283043,
                3.353617593590363,
                -1.8686500000000001
            ],
            [
                14.560518831144774,
                3.449238081197468,
                -1.8686500000000001
            ],
            [
                14.612770463716963,
                5.448555406409637,
                -1.8686500000000001
            ],
            [
                18.27152116885523,
                5.352934918802532,
                -1.8686500000000001
            ],
            [
                18.219269536283043,
                3.353617593590363,
                -0.08865000000000012
            ],
            [
                14.560518831144774,
                3.449238081197468,
                -0.08865000000000012
            ],
            [
                14.612770463716963,
                5.448555406409637,
                -0.08865000000000012
            ],
            [
                18.27152116885523,
                5.352934918802532,
                -0.08865000000000012
            ]
        ],
        "alpha": 0.0,
        "axis": [
            0.0,
            0.0,
            1.0
        ],
        "center": [
            16.416020000000003,
            4.4010865,
            -0.9786500000000001
        ],
        "class": "VanSUV",
        "id": 2,
        "occlusion": 1.0,
        "rot_angle": 3.115463864325098,
        "size": [
            3.66,
            2.0,
            1.78
        ],
        "truncation": 0.0
    },
    "box_3": {
        "2d_bbox": [
            614.270446777344,
            676.810791015625,
            801.448791503906,
            810.738403320313
        ],
        "3d_points": [
            [
                12.477160554671087,
                3.883293771912366,
                -1.8522999999999998
            ],
            [
                8.337335898166305,
                3.921396441045318,
                -1.8522999999999998
            ],
            [
                8.356939445328912,
                6.0513062280876335,
                -1.8522999999999998
            ],
            [
                12.496764101833694,
                6.0132035589546815,
                -1.8522999999999998
            ],
            [
                12.477160554671087,
                3.883293771912366,
                -0.04229999999999978
            ],
            [
                8.337335898166305,
                3.921396441045318,
                -0.04229999999999978
            ],
            [
                8.356939445328912,
                6.0513062280876335,
                -0.04229999999999978
            ],
            [
                12.496764101833694,
                6.0132035589546815,
                -0.04229999999999978
            ]
        ],
        "alpha": 0.0,
        "axis": [
            0.0,
            0.0,
            1.0
        ],
        "center": [
            10.41705,
            4.9673,
            -0.9472999999999998
        ],
        "class": "VanSUV",
        "id": 3,
        "occlusion": 1.0,
        "rot_angle": 3.132388980384669,
        "size": [
            4.14,
            2.13,
            1.81
        ],
        "truncation": 0.0
    }
}