{
    "box_0": {
        "2d_bbox": [
            1525.64,
            689.7911,
            1628.462,
            907.8088
        ],
        "3d_points": [
            [
                12.481800000000002,
                -4.31235,
                -1.5613000000000001
            ],
            [
                12.981800000000002,
                -4.31235,
                -1.5613000000000001
            ],
            [
                12.981800000000002,
                -4.90235,
                -1.5613000000000001
            ],
            [
                12.481800000000002,
                -4.90235,
                -1.5613000000000001
            ],
            [
                12.481800000000002,
                -4.31235,
                -0.041300000000000114
            ],
            [
                12.981800000000002,
                -4.31235,
                -0.041300000000000114
            ],
            [
                12.981800000000002,
                -4.90235,
                -0.041300000000000114
            ],
            [
                12.481800000000002,
                -4.90235,
                -0.041300000000000114
            ]
        ],
        "alpha": 0.0,
        "axis": [
            1.0,
            0.0,
            0.0
        ],
        "center": [
            12.731800000000002,
            -4.60735,
            -0.8013000000000001
        ],
        "class": "Pedestrian",
        "id": 0,
        "occlusion": 0.0,
        "rot_angle": 0.0,
        "size": [
            0.5,
            0.59,
            1.52
        ],
        "truncation": 0.0
    },
    "box_1": {
        "2d_bbox": [
            576.9033,
            683.2429,
            771.4601,
            788.6656
        ],
        "3d_points": [
            [
                26.379784992055644,
                6.076763267578404,
                -1.5327999631402294
            ],
            [
                31.087596737767196,
                5.737781605920537,
                -1.5328000146284242
            ],
            [
                30.93031499220984,
                3.5534367493297947,
                -1.5328000368597707
            ],
            [
                26.222503246498285,
                3.8924184109876614,
                -1.5327999853715757
            ],
            [
                26.379785007790158,
                6.076763250670204,
                0.01720003685977045
            ],
            [
                31.087596753501714,
                5.737781589012337,
                0.01719998537157552
            ],
            [
                30.930315007944355,
                3.553436732421595,
                0.01719996314022909
            ],
            [
                26.222503262232802,
                3.892418394079462,
                0.01720001462842402
            ]
        ],
        "alpha": 0.0,
        "axis": [
            1.4661903714240471e-07,
            1.4661903714240471e-07,
            -0.9999999999999786
        ],
        "center": [
            28.65505,
            4.815099999999999,
            -0.7578000000000001
        ],
        "class": "Car",
        "id": 1,
        "occlusion": 1.0,
        "rot_angle": 0.07188003022406313,
        "size": [
            4.72,
            2.19,
            1.55
        ],
        "truncation": 0.0
    },
    "box_2": {
        "2d_bbox": [
            470.0865,
            682.5495,
            702.9094,
            812.3789
        ],
        "3d_points": [
            [
                21.48103521545833,
                6.3074561340167445,
                -1.5352499680149967
            ],
            [
                25.315764873849375,
                6.106338141146621,
                -1.5352500095220107
            ],
            [
                25.201064768540633,
                3.919343882845479,
                -1.5352500319850029
            ],
            [
                21.36633511014959,
                4.120461875715603,
                -1.5352499904779888
            ],
            [
                21.481035231459366,
                6.30745611715452,
                0.02475003198500314
            ],
            [
                25.31576488985041,
                6.106338124284396,
                0.024749990477989092
            ],
            [
                25.201064784541668,
                3.9193438659832545,
                0.02474996801499696
            ],
            [
                21.366335126150624,
                4.120461858853378,
                0.024750009522011118
            ]
        ],
        "alpha": 0.0,
        "axis": [
            0.0,
            0.0,
            -1.0
        ],
        "center": [
            23.34105,
            5.1133999999999995,
            -0.7552499999999999
        ],
        "class": "Car",
        "id": 2,
        "occlusion": 1.0,
        "rot_angle": 0.0523984515300481,
        "size": [
            3.84,
            2.19,
            1.56
        ],
        "truncation": 0.0
    },
    "box_3": {
        "2d_bbox": [
            174.0968,
            629.2734,
            597.9182,
            882.2969
        ],
        "3d_points": [
            [
                13.970836921272763,
                6.555016724052218,
                -1.5328499999999998
            ],
            [
                18.678648150754366,
                6.216027893016575,
                -1.5328499999999998
            ],
            [
                18.521363078727234,
                4.03168327594778,
                -1.5328499999999998
            ],
            [
                13.81355184924563,
                4.370672106983424,
                -1.5328499999999998
            ],
            [
                13.970836921272763,
                6.555016724052218,
                0.42715000000000003
            ],
            [
                18.678648150754366,
                6.216027893016575,
                0.42715000000000003
            ],
            [
                18.521363078727234,
                4.03168327594778,
                0.42715000000000003
            ],
            [
                13.81355184924563,
                4.370672106983424,
                0.42715000000000003
            ]
        ],
        "alpha": 0.0,
        "axis": [
            1.46615932237789e-07,
            1.46615932237789e-07,
            -0.9999999999999786
        ],
        "center": [
            16.2461,
            5.293349999999999,
            -0.55285
        ],
        "class": "Car",
        "id": 3,
        "occlusion": 2.0,
        "rot_angle": 0.07188155309255248,
        "size": [
            4.72,
            2.19,
            1.96
        ],
        "truncation": 0.0
    },
    "box_4": {
        "2d_bbox": [
            -528.4487,
            146.6212,
            472.9912,
            1099.98
        ],
        "3d_points": [
            [
                6.693672040670867,
                5.930311604483708,
                -1.54315
            ],
            [
                12.240263984676128,
                5.735843595042691,
                -1.54315
            ],
            [
                12.163527959329132,
                3.547188395516291,
                -1.54315
            ],
            [
                6.616936015323871,
                3.7416564049573084,
                -1.54315
            ],
            [
                6.693672040670867,
                5.930311604483708,
                1.99685
            ],
            [
                12.240263984676128,
                5.735843595042691,
                1.99685
            ],
            [
                12.163527959329132,
                3.547188395516291,
                1.99685
            ],
            [
                6.616936015323871,
                3.7416564049573084,
                1.99685
            ]
        ],
        "alpha": 0.0,