{
    "box_0": {
        "2d_bbox": [
            -551.8039,
            703.848,
            472.429,
            1248.45
        ],
        "3d_points": [
            [
                5.0668,
                4.55595,
                -1.6002
            ],
            [
                8.986799999999999,
                4.55595,
                -1.6002
            ],
            [
                8.986799999999999,
                2.6259500000000005,
                -1.6002
            ],
            [
                5.0668,
                2.6259500000000005,
                -1.6002
            ],
            [
                5.0668,
                4.55595,
                -0.10020000000000007
            ],
            [
                8.986799999999999,
                4.55595,
                -0.10020000000000007
            ],
            [
                8.986799999999999,
                2.6259500000000005,
                -0.10020000000000007
            ],
            [
                5.0668,
                2.6259500000000005,
                -0.10020000000000007
            ]
        ],
        "alpha": 0.0,
        "axis": [
            1.0,
            0.0,
            0.0
        ],
        "center": [
            7.0268,
            3.5909500000000003,
            -0.8502000000000001
        ],
        "class": "Car",
        "id": 0,
        "occlusion": 1.0,
        "rot_angle": 0.0,
        "size": [
            3.92,
            1.93,
            1.5
        ],
        "truncation": 1.0
    },
    "box_1": {
        "2d_bbox": [
            1378.114,
            648.5591,
            1640.203,
            839.7605
        ],
        "3d_points": [
            [
                20.296528179813475,
                -5.692917154798569,
                -1.7551999999999999
            ],
            [
                24.229533191972077,
                -5.927590490172017,
                -1.7551999999999999
            ],
            [
                24.088371820186527,
                -8.293382845201432,
                -1.7551999999999999
            ],
            [
                20.155366808027924,
                -8.058709509827983,
                -1.7551999999999999
            ],
            [
                20.296528179813475,
                -5.692917154798569,
                0.40480000000000027
            ],
            [
                24.229533191972077,
                -5.927590490172017,
                0.40480000000000027
            ],
            [
                24.088371820186527,
                -8.293382845201432,
                0.40480000000000027
            ],
            [
                20.155366808027924,
                -8.058709509827983,
                0.40480000000000027
            ]
        ],
        "alpha": 0.0,
        "axis": [
            0.0,
            0.0,
            -1.0
        ],
        "center": [
            22.19245,
            -6.99315,
            -0.6751999999999998
        ],
        "class": "Car",
        "id": 1,
        "occlusion": 0.0,
        "rot_angle": 0.059597033503156184,
        "size": [
            3.94,
            2.37,
            2.16
        ],
        "truncation": 0.0
    },
    "box_2": {
        "2d_bbox": [
            1140.787,
            700.373,
            1253.275,
            792.6976
        ],
        "3d_points": [
            [
                31.757733913230425,
                -3.5696150794608004,
                -1.919
            ],
            [
                36.395518800582366,
                -3.712972460330885,
                -1.919
            ],
            [
                36.338979143903,
                -5.542098827540811,
                -1.919
            ],
            [
                31.701194256551062,
                -5.398741446670726,
                -1.919
            ],
            [
                31.757733913230425,
                -3.5696150794608004,
                -0.31899999999999995
            ],
            [
                36.395518800582366,
                -3.712972460330885,
                -0.31899999999999995
            ],
            [
                36.338979143903,
                -5.542098827540811,
                -0.31899999999999995
            ],
            [
                31.701194256551062,
                -5.398741446670726,
                -0.31899999999999995
            ]
        ],
        "alpha": 0.0,
        "axis": [
            0.0,
            0.0,
            -1.0
        ],
        "center": [
            34.048356528566714,
            -4.555856953500806,
            -1.119
        ],
        "class": "Car",
        "id": 2,
        "occlusion": 0.0,
        "rot_angle": 0.03090090472513475,
        "size": [
            4.64,
            1.83,
            1.6
        ],
        "truncation": 0.0
    },
    "box_3": {
        "2d_bbox": [
            954.6407,
            693.5306,
            1090.467,
            815.6362
        ],
        "3d_points": [
            [
                22.93491931000374,
                0.14575686963917256,
                -1.6833000000000002
            ],
            [
                26.521094443357477,
                -0.01991724697318864,
                -1.6833000000000002
            ],
            [
                26.436180689996267,
                -1.8579568696391724,
                -1.6833000000000002
            ],
            [
                22.85000555664253,
                -1.6922827530268112,
                -1.6833000000000002
            ],
            [
                22.93491931000374,
                0.14575686963917256,
                -0.1333000000000002
            ],
            [
                26.521094443357477,
                -0.01991724697318864,
                -0.1333000000000002
            ],
            [
                26.436180689996267,
                -1.8579568696391724,
                -0.1333000000000002
            ],
            [
                22.85000555664253,
                -1.6922827530268112,
                -0.1333000000000002
            ]
        ],
        "alpha": 0.0,
        "axis": [
            0.0,
            0.0,
            -1.0
        ],
        "center": [
            24.685550000000003,
            -0.8561,
            -0.9083000000000002
        ],
        "class": "Car",
        "id": 3,
        "occlusion": 0.0,
        "rot_angle": 0.046165175303746295,
        "size": [
            3.59,
            1.84,
            1.55
        ],
        "truncation": 0.0
    },
    "box_4": {
        "2d_bbox": [
            580.2076,
            692.0326,
            824.1742,
            859.0681
        ],
        "3d_points": [
            [
                15.899354774450135,
                3.5726620692084605,
                -1.52995
            ],
            [
                20.294368736207957,
                3.3632527190022232,
                -1.52995
            ],
            [
                20.207749414077195,
                1.5453151257296687,
                -1.52995
            ],
            [
                15.812735452319373,
                1.7547244759359062,
                -1.52995
            ],
            [
                15.899354774450135,
                3.5726620692084605,
                -0.07995000000000008
            ],
            [
                20.294368736207957,
                3.3632527190022232,
                -0.07995000000000008
            ],
            [
                20.207749414077195,
                1.5453151257296687,
                -0.07995000000000008
            ],
            [
                15.812735452319373,
                1.7547244759359062,
                -0.07995000000000008
            ]
        ],
        "alpha": 0.0,
        "axis": [
            0.0,
            0.0,
            -1.0
        ],