{
    "box_0": {
        "2d_bbox": [
            780.5331,
            680.9995,
            876.1054,
            749.9033
        ],
        "3d_points": [
            [
                40.93379439022927,
                4.486369476821437,
                -1.5013999999999998
            ],
            [
                45.29234017819278,
                4.373770124134471,
                -1.5013999999999998
            ],
            [
                45.24120560977072,
                2.394430523178564,
                -1.5013999999999998
            ],
            [
                40.8826598218072,
                2.5070298758655296,
                -1.5013999999999998
            ],
            [
                40.93379439022927,
                4.486369476821437,
                0.07860000000000011
            ],
            [
                45.29234017819278,
                4.373770124134471,
                0.07860000000000011
            ],
            [
                45.24120560977072,
                2.394430523178564,
                0.07860000000000011
            ],
            [
                40.8826598218072,
                2.5070298758655296,
                0.07860000000000011
            ]
        ],
        "alpha": 0.0,
        "axis": [
            0.0,
            0.0,
            -1.0
        ],
        "center": [
            43.08749999999999,
            3.4404000000000003,
            -0.7113999999999999
        ],
        "class": "Car",
        "id": 0,
        "occlusion": 0.0,
        "rot_angle": 0.025828411229558736,
        "size": [
            4.36,
            1.98,
            1.58
        ],
        "truncation": 0.0
    },
    "box_1": {
        "2d_bbox": [
            21.379,
            701.9111,
            629.3354,
            1040.51
        ],
        "3d_points": [
            [
                7.786098964724098,
                4.351214598568746,
                -1.5533000000000001
            ],
            [
                12.376085866643724,
                4.362180008104041,
                -1.5533000000000001
            ],
            [
                12.380601035275905,
                2.4721854014312545,
                -1.5533000000000001
            ],
            [
                7.790614133356279,
                2.461219991895959,
                -1.5533000000000001
            ],
            [
                7.786098964724098,
                4.351214598568746,
                -0.12330000000000019
            ],
            [
                12.376085866643724,
                4.362180008104041,
                -0.12330000000000019
            ],
            [
                12.380601035275905,
                2.4721854014312545,
                -0.12330000000000019
            ],
            [
                7.790614133356279,
                2.461219991895959,
                -0.12330000000000019
            ]
        ],
        "alpha": 0.0,
        "axis": [
            0.0,
            0.0,
            1.0
        ],
        "center": [
            10.083350000000001,
            3.4117,
            -0.8383000000000002
        ],
        "class": "Car",
        "id": 1,
        "occlusion": 0.0,
        "rot_angle": 0.002388980384673125,
        "size": [
            4.59,
            1.89,
            1.43
        ],
        "truncation": 0.0
    }
}