{
    "box_0": {
        "2d_bbox": [
            1083.448,
            662.8432,
            1285.339,
            845.3809
        ],
        "3d_points": [
            [
                21.055281647689508,
                -1.847072728745537,
                -1.8976999653685263
            ],
            [
                25.49482928741714,
                -1.783694857301067,
                -1.8977000118164309
            ],
            [
                25.525519022463445,
                -3.9334758089709774,
                -1.8977000346314736
            ],
            [
                21.085971382735817,
                -3.9968536804154473,
                -1.897699988183569
            ],
            [
                21.055281670504552,
                -1.8470727512372025,
                0.2523000346314733
            ],
            [
                25.49482931023218,
                -1.7836948797927323,
                0.2522999881835687
            ],
            [
                25.52551904527849,
                -3.933475831462643,
                0.25229996536852617
            ],
            [
                21.085971405550858,
                -3.9968537029071127,
                0.2523000118164308
            ]
        ],
        "alpha": 0.0,
        "axis": [
            7.381410761856192e-07,
            7.381410761856192e-07,
            0.9999999999994551
        ],
        "center": [
            23.290400346484,
            -2.89027428010409,
            -0.8227000000000001
        ],
        "class": "Car",
        "id": 0,
        "occlusion": 2.0,
        "rot_angle": 0.014274780159220294,
        "size": [
            4.44,
            2.15,
            2.15
        ],
        "truncation": 0.0
    },
    "box_1": {
        "2d_bbox": [
            1120.21,
            689.4951,
            1360.183,
            894.4734
        ],
        "3d_points": [
            [
                15.98135,
                -1.8197999999999999,
                -1.88435
            ],
            [
                19.85135,
                -1.8197999999999999,
                -1.88435
            ],
            [
                19.85135,
                -3.7398,
                -1.88435
            ],
            [
                15.98135,
                -3.7398,
                -1.88435
            ],
            [
                15.98135,
                -1.8197999999999999,
                -0.0543499999999999
            ],
            [
                19.85135,
                -1.8197999999999999,
                -0.0543499999999999
            ],
            [
                19.85135,
                -3.7398,
                -0.0543499999999999
            ],
            [
                15.98135,
                -3.7398,
                -0.0543499999999999
            ]
        ],
        "alpha": 0.0,
        "axis": [
            1.0,
            0.0,
            0.0
        ],
        "center": [
            17.91635,
            -2.7798,
            -0.9693499999999999
        ],
        "class": "Car",
        "id": 1,
        "occlusion": 2.0,
        "rot_angle": 0.0,
        "size": [
            3.87,
            1.92,
            1.83
        ],
        "truncation": 0.0
    },
    "box_2": {
        "2d_bbox": [
            1157.44,
            722.7399,
            1511.514,
            959.7899
        ],
        "3d_points": [
            [
                11.764003719419058,
                -1.8142307541207847,
                -1.8159999999999998
            ],
            [
                15.593796589108734,
                -1.7743989166774599,
                -1.8159999999999998
            ],
            [
                15.614596504222742,
                -3.7742907546355156,
                -1.8159999999999998
            ],
            [
                11.784803634533066,
                -3.8141225920788404,
                -1.8159999999999998
            ],
            [
                11.764003719419058,
                -1.8142307541207847,
                -0.33599999999999985
            ],
            [
                15.593796589108734,
                -1.7743989166774599,
                -0.33599999999999985
            ],
            [
                15.614596504222742,
                -3.7742907546355156,
                -0.33599999999999985
            ],
            [
                11.784803634533066,
                -3.8141225920788404,
                -0.33599999999999985
            ]
        ],
        "alpha": 0.0,
        "axis": [
            0.0,
            0.0,
            1.0
        ],
        "center": [
            13.6893001118209,
            -2.79426075437815,
            -1.0759999999999998
        ],
        "class": "Car",
        "id": 2,
        "occlusion": 1.0,
        "rot_angle": 0.010400145041167227,
        "size": [
            3.83,
            2.0,
            1.48
        ],
        "truncation": 0.0
    },
    "box_3": {
        "2d_bbox": [
            893.7178,
            601.361,
            1073.844,
            831.7234
        ],
        "3d_points": [
            [
                19.551073543375992,
                0.8294298787023182,
                -1.6055499629639387
            ],
            [
                24.436376317154412,
                0.6151478017269609,
                -1.6055500156052713
            ],
            [
                24.345229748625016,
                -1.4628541961174388,
                -1.605550037036061
            ],
            [
                19.459926974846596,
                -1.2485721191420815,
                -1.6055499843947283
            ],
            [
                19.551073569237182,
                0.8294298516819203,
                0.904450037036061
            ],
            [
                24.436376343015603,
                0.615147774706563,
                0.9044499843947281
            ],
            [
                24.345229774486207,
                -1.4628542231378368,
                0.9044499629639385
            ],
            [
                19.459927000707786,
                -1.2485721461624795,
                0.9044500156052714
            ]
        ],
        "alpha": 0.0,
        "axis": [
            2.403941020896206e-07,
            2.403941020896206e-07,
            -0.9999999999999423
        ],
        "center": [
            21.9481516589311,
            -0.31671217221775927,
            -0.35055000000000003
        ],
        "class": "Car",
        "id": 3,
        "occlusion": 2.0,
        "rot_angle": 0.04383450202365451,
        "size": [
            4.89,
            2.08,
            2.51
        ],
        "truncation": 0.0
    },
    "box_4": {
        "2d_bbox": [
            656.8566,
            614.9208,
            886.7292,
            827.2605
        ],