                  epoch,         train/box_loss,         train/cls_loss,         train/dfl_loss,   metrics/precision(B),      metrics/recall(B),       metrics/mAP50(B),    metrics/mAP50-95(B),           val/box_loss,           val/cls_loss,           val/dfl_loss,                 lr/pg0,                 lr/pg1,                 lr/pg2
                      0,                0.84031,                 3.8583,                0.92113,                0.31958,                0.42896,                 0.3897,                0.29094,                0.70149,                 2.1235,                0.83295,                 0.0937,                 0.0007,                 0.0007
                      1,                0.71152,                 1.5495,                0.88974,                0.70088,                0.53415,                0.55539,                0.43077,                0.65207,                 0.9127,                0.82556,               0.086203,               0.001203,               0.001203
                      2,                0.67647,                0.86509,                0.88337,                0.56605,                0.62978,                0.65907,                0.51882,                0.59741,                0.74613,                0.80706,               0.078389,              0.0013892,              0.0013892
                      3,                0.57738,                0.72475,                0.85145,                0.47107,                0.68852,                0.63152,                0.48368,                 0.5613,                0.61383,                0.81398,               0.070259,              0.0012586,              0.0012586
                      4,                0.57915,                0.65918,                0.84988,                0.52858,                0.87568,                0.67236,                0.50445,                0.55399,                0.53295,                0.81309,               0.061811,              0.0008112,              0.0008112
