{
    "box_0": {
        "2d_bbox": [
            1204.545,
            712.8365,
            1411.882,
            896.8972
        ],
        "3d_points": [
            [
                15.388257277564222,
                -2.5786344782539317,
                -1.8298499734490288
            ],
            [
                18.916719751902008,
                -2.682810133711714,
                -1.8298500111884664
            ],
            [
                18.87304270655427,
                -4.162165505388747,
                -1.8298500265509707
            ],
            [
                15.344580232216483,
                -4.057989849930964,
                -1.8298499888115332
            ],
            [
                15.38825729344573,
                -2.5786344946112516,
                -0.29984997344902886
            ],
            [
                18.916719767783515,
                -2.682810150069034,
                -0.29985001118846655
            ],
            [
                18.873042722435777,
                -4.162165521746067,
                -0.29985002655097104
            ],
            [
                15.34458024809799,
                -4.057989866288284,
                -0.29984998881153335
            ]
        ],
        "alpha": 0.0,
        "axis": [
            3.5699841110261194e-07,
            3.5699841110261194e-07,
            -0.9999999999998725
        ],
        "center": [
            17.13065,
            -3.370399999999999,
            -1.0648499999999999
        ],
        "class": "Car",
        "id": 0,
        "occlusion": 1.0,
        "rot_angle": 0.029515802549115757,
        "size": [
            3.53,
            1.48,
            1.53
        ],
        "truncation": 0.0
    },
    "box_1": {
        "2d_bbox": [
            1299.654,
            667.6932,
            1773.064,
            1045.329
        ],
        "3d_points": [
            [
                9.008428005350526,
                -2.508507277791703,
                -1.8243999999999998
            ],
            [
                12.377931498826968,
                -2.4506608651972805,
                -1.8243999999999998
            ],
            [
                12.409171994649475,
                -4.270392722208298,
                -1.8243999999999998
            ],
            [
                9.039668501173033,
                -4.32823913480272,
                -1.8243999999999998
            ],
            [
                9.008428005350526,
                -2.508507277791703,
                0.08560000000000012
            ],
            [
                12.377931498826968,
                -2.4506608651972805,
                0.08560000000000012
            ],
            [
                12.409171994649475,
                -4.270392722208298,
                0.08560000000000012
            ],
            [
                9.039668501173033,
                -4.32823913480272,
                0.08560000000000012
            ]
        ],
        "alpha": 0.0,
        "axis": [
            0.0,
            0.0,
            1.0
        ],
        "center": [
            10.7088,
            -3.38945,
            -0.8693999999999998
        ],
        "class": "Car",
        "id": 1,
        "occlusion": 1.0,
        "rot_angle": 0.017165950630410914,
        "size": [
            3.37,
            1.82,
            1.91
        ],
        "truncation": 0.0
    },
    "box_2": {
        "2d_bbox": [
            1496.03,
            705.9764,
            2520.479,
            1408.097
        ],
        "3d_points": [
            [
                4.529139123175433,
                -2.4338467190854476,
                -1.8180499723160275
            ],
            [
                8.057793628425507,
                -2.531301234518829,
                -1.818050010020551
            ],
            [
                8.01086085895334,
                -4.230653262542944,
                -1.8180500276839724
            ],
            [
                4.4822063537032655,
                -4.133198747109562,
                -1.818049989979449
            ],
            [
                4.5291391410466595,
                -2.4338467374570567,
                -0.09804997231602786
            ],
            [
                8.057793646296734,
                -2.531301252890438,
                -0.09805001002055125
            ],
            [
                8.010860876824566,
                -4.230653280914553,
                -0.09805002768397275
            ],
            [
                4.482206371574493,
                -4.133198765481172,
                -0.09804998997944936
            ]
        ],
        "alpha": 0.0,
        "axis": [
            3.8162469131236343e-07,
            3.8162469131236343e-07,
            -0.9999999999998543
        ],
        "center": [
            6.27,
            -3.33225,
            -0.9580500000000002
        ],
        "class": "Car",
        "id": 2,
        "occlusion": 1.0,
        "rot_angle": 0.0276110196153186,
        "size": [
            3.53,
            1.7,
            1.72
        ],
        "truncation": 1.0
    }
}