{
    "box_0": {
        "2d_bbox": [
            1576.377,
            727.9703,
            1939.27,
            969.7769
        ],
        "3d_points": [
            [
                11.891850000000003,
                -5.024750000000001,
                -1.9008500000000002
            ],
            [
                13.881850000000002,
                -5.024750000000001,
                -1.9008500000000002
            ],
            [
                13.881850000000002,
                -6.864750000000001,
                -1.9008500000000002
            ],
            [
                11.891850000000003,
                -6.864750000000001,
                -1.9008500000000002
            ],
            [
                11.891850000000003,
                -5.024750000000001,
                -0.3408500000000001
            ],
            [
                13.881850000000002,
                -5.024750000000001,
                -0.3408500000000001
            ],
            [
                13.881850000000002,
                -6.864750000000001,
                -0.3408500000000001
            ],
            [
                11.891850000000003,
                -6.864750000000001,
                -0.3408500000000001
            ]
        ],
        "alpha": 0.0,
        "axis": [
            1.0,
            0.0,
            0.0
        ],
        "center": [
            12.886850000000003,
            -5.944750000000001,
            -1.1208500000000001
        ],
        "class": "Car",
        "id": 0,
        "occlusion": 1.0,
        "rot_angle": 0.0,
        "size": [
            1.99,
            1.84,
            1.56
        ],
        "truncation": 1.0
    },
    "box_1": {
        "2d_bbox": [
            1267.607,
            703.7261,
            1419.53,
            801.0598
        ],
        "3d_points": [
            [
                28.425849999999997,
                -5.6091,
                -1.8591000000000002
            ],
            [
                31.315849999999998,
                -5.6091,
                -1.8591000000000002
            ],
            [
                31.315849999999998,
                -7.649100000000001,
                -1.8591000000000002
            ],
            [
                28.425849999999997,
                -7.649100000000001,
                -1.8591000000000002
            ],
            [
                28.425849999999997,
                -5.6091,
                -0.3391000000000002
            ],
            [
                31.315849999999998,
                -5.6091,
                -0.3391000000000002
            ],
            [
                31.315849999999998,
                -7.649100000000001,
                -0.3391000000000002
            ],
            [
                28.425849999999997,
                -7.649100000000001,
                -0.3391000000000002
            ]
        ],
        "alpha": 0.0,
        "axis": [
            1.0,
            0.0,
            0.0
        ],
        "center": [
            29.870849999999997,
            -6.6291,
            -1.0991000000000002
        ],
        "class": "Car",
        "id": 1,
        "occlusion": 0.0,
        "rot_angle": 0.0,
        "size": [
            2.89,
            2.04,
            1.52
        ],
        "truncation": 0.0
    },
    "box_2": {
        "2d_bbox": [
            860.2766,
            686.1204,
            940.546,
            749.5192
        ],
        "3d_points": [
            [
                45.62125,
                2.8419499999999998,
                -1.66595
            ],
            [
                48.86125,
                2.8419499999999998,
                -1.66595
            ],
            [
                48.86125,
                0.7219499999999999,
                -1.66595
            ],
            [
                45.62125,
                0.7219499999999999,
                -1.66595
            ],
            [
                45.62125,
                2.8419499999999998,
                -0.045949999999999824
            ],
            [
                48.86125,
                2.8419499999999998,
                -0.045949999999999824
            ],
            [
                48.86125,
                0.7219499999999999,
                -0.045949999999999824
            ],
            [
                45.62125,
                0.7219499999999999,
                -0.045949999999999824
            ]
        ],
        "alpha": 0.0,
        "axis": [
            1.0,
            0.0,
            0.0
        ],
        "center": [
            47.24125,
            1.78195,
            -0.8559499999999999
        ],
        "class": "Car",
        "id": 2,
        "occlusion": 1.0,
        "rot_angle": 0.0,
        "size": [
            3.24,
            2.12,
            1.62
        ],
        "truncation": 0.0
    },
    "box_3": {
        "2d_bbox": [
            614.7239,
            568.3704,
            893.6567,
            845.4969
        ],
        "3d_points": [
            [
                18.122454347745983,
                3.771826804469561,
                -1.6275499999999998
            ],
            [
                22.269519421993802,
                3.615777869984452,
                -1.6275499999999998
            ],
            [
                22.16874565225402,
                0.9376731955304389,
                -1.6275499999999998
            ],
            [
                18.0216805780062,
                1.0937221300155484,
                -1.6275499999999998
            ],
            [
                18.122454347745983,
                3.771826804469561,
                1.17245
            ],
            [
                22.269519421993802,
                3.615777869984452,
                1.17245
            ],
            [
                22.16874565225402,
                0.9376731955304389,
                1.17245
            ],
            [
                18.0216805780062,
                1.0937221300155484,
                1.17245
            ]
        ],
        "alpha": 0.0,
        "axis": [
            0.0,
            0.0,
            -1.0
        ],
        "center": [
            20.1456,
            2.35475,
            -0.22754999999999984
        ],
        "class": "Truck",
        "id": 3,
        "occlusion": 0.0,
        "rot_angle": 0.03761101961531173,
        "size": [
            4.15,
            2.68,
            2.8
        ],
        "truncation": 0.0
    }
}