{
    "box_0": {
        "2d_bbox": [
            -428.3755,
            720.2507,
            168.1236,
            947.0213
        ],
        "3d_points": [
            [
                13.169779962270585,
                7.1469669245369225,
                -1.9417
            ],
            [
                13.258602711012413,
                10.955931418898341,
                -1.9417
            ],
            [
                15.128094470712114,
                10.912336001536868,
                -1.9417
            ],
            [
                15.039271721970286,
                7.103371507175448,
                -1.9417
            ],
            [
                13.169779962270585,
                7.1469669245369225,
                -0.3017000000000002
            ],
            [
                13.258602711012413,
                10.955931418898341,
                -0.3017000000000002
            ],
            [
                15.128094470712114,
                10.912336001536868,
                -0.3017000000000002
            ],
            [
                15.039271721970286,
                7.103371507175448,
                -0.3017000000000002
            ]
        ],
        "alpha": 0.0,
        "axis": [
            0.0,
            0.0,
            1.0
        ],
        "center": [
            14.14893721649135,
            9.029651463036895,
            -1.1217000000000001
        ],
        "class": "Car",
        "id": 0,
        "occlusion": 3.0,
        "rot_angle": 1.5474811570965024,
        "size": [
            3.81,
            1.87,
            1.64
        ],
        "truncation": 2.0
    },
    "box_1": {
        "2d_bbox": [
            289.3297,
            703.3679,
            621.7264,
            838.7025
        ],
        "3d_points": [
            [
                25.13074061089962,
                5.651078023610573,
                -2.173399982561256
            ],
            [
                25.272468073733094,
                10.128835646157688,
                -2.1733999836173403
            ],
            [
                27.54133186908621,
                10.057022846909474,
                -2.1734000174387433
            ],
            [
                27.39960440625273,
                5.579265224362359,
                -2.1734000163826592
            ],
            [
                25.130740638910293,
                5.651078023167395,
                -0.29339998256125666
            ],
            [
                25.272468101743772,
                10.12883564571451,
                -0.29339998361734076
            ],
            [
                27.541331897096885,
                10.057022846466296,
                -0.29340001743874367
            ],
            [
                27.39960443426341,
                5.579265223919181,
                -0.29340001638265967
            ]
        ],
        "alpha": 0.0,
        "axis": [
            7.571304420415142e-09,
            7.571304420415142e-09,
            1.0
        ],
        "center": [
            26.33603625399825,
            7.854050435038435,
            -1.2334
        ],
        "class": "Car",
        "id": 1,
        "occlusion": 0.0,
        "rot_angle": 1.5391554531602327,
        "size": [
            4.48,
            2.27,
            1.88
        ],
        "truncation": 0.0
    },
    "box_2": {
        "2d_bbox": [
            1291.833,
            671.8026,
            1705.262,
            831.3195
        ],
        "3d_points": [
            [
                26.171125146142472,
                -5.062272243067525,
                -1.94105
            ],
            [
                25.633418080342132,
                -10.525876466598763,
                -1.94105
            ],
            [
                23.53356290517803,
                -10.319216738212841,
                -1.94105
            ],
            [
                24.07126997097837,
                -4.855612514681603,
                -1.94105
            ],
            [
                26.171125146142472,
                -5.062272243067525,
                0.16894999999999993
            ],
            [
                25.633418080342132,
                -10.525876466598763,
                0.16894999999999993
            ],
            [
                23.53356290517803,
                -10.319216738212841,
                0.16894999999999993
            ],
            [
                24.07126997097837,
                -4.855612514681603,
                0.16894999999999993
            ]
        ],
        "alpha": 0.0,
        "axis": [
            0.0,
            0.0,
            -1.0
        ],
        "center": [
            24.85234402566025,
            -7.690744490640183,
            -0.88605
        ],
        "class": "VanSUV",
        "id": 2,
        "occlusion": 1.0,
        "rot_angle": 1.6688965976612533,
        "size": [
            5.49,
            2.11,
            2.11
        ],
        "truncation": 0.0
    },
    "box_3": {
        "2d_bbox": [
            1505.426,
            739.9581,
            2011.311,
            921.5508
        ],
        "3d_points": [
            [
                15.818057728448762,
                -5.062201507562953,
                -1.81425
            ],
            [
                15.654963653756443,
                -8.558399488627563,
                -1.81425
            ],
            [
                13.657136236005238,
                -8.465202874517667,
                -1.81425
            ],
            [
                13.820230310697557,
                -4.969004893453056,
                -1.81425
            ],
            [
                15.818057728448762,
                -5.062201507562953,
                -0.49424999999999997
            ],
            [
                15.654963653756443,
                -8.558399488627563,
                -0.49424999999999997
            ],
            [
                13.657136236005238,
                -8.465202874517667,
                -0.49424999999999997
            ],
            [
                13.820230310697557,
                -4.969004893453056,
                -0.49424999999999997
            ]
        ],
        "alpha": 0.0,
        "axis": [
            0.0,
            0.0,
            -1.0
        ],
        "center": [
            14.737596982227,
            -6.76370219104031,
            -1.15425
        ],
        "class": "Car",
        "id": 3,
        "occlusion": 2.0,
        "rot_angle": 1.617411514294025,
        "size": [
            3.5,
            2.0,
            1.32
        ],
        "truncation": 0.0
    },
    "box_4": {
        "2d_bbox": [
            1621.299,
            677.1211,
            2247.078,
            969.4308
        ],
        "3d_points": [
            [
                13.318567476965608,
                -5.1773349747378035,
                -1.8147000000000002
            ],
            [
                13.233523149198438,
                -8.6763016025173,
                -1.8147000000000002
            ],
            [
                11.364075265213394,
                -8.63086363311027,
                -1.8147000000000002
            ],
            [
                11.449119592980564,
                -5.131897005330773,
                -1.8147000000000002
            ],
            [
                13.318567476965608,
                -5.1773349747378035,
                0.04530000000000001
            ],
            [
                13.233523149198438,
                -8.6763016025173,
                0.04530000000000001
            ],
            [
                11.364075265213394,
                -8.63086363311027,
                0.04530000000000001
            ],
            [
                11.449119592980564,
                -5.131897005330773,
                0.04530000000000001
            ]
        ],
        "alpha": 0.0,