{
    "box_0": {
        "2d_bbox": [
            754.5418,
            668.8353,
            922.7072,
            820.6092
        ],
        "3d_points": [
            [
                26.909660829203922,
                0.6790766220799107,
                -1.72355
            ],
            [
                22.589684800141573,
                0.6646853633889154,
                -1.72355
            ],
            [
                22.582489170796073,
                2.8246733779200897,
                -1.72355
            ],
            [
                26.902465199858423,
                2.8390646366110848,
                -1.72355
            ],
            [
                26.909660829203922,
                0.6790766220799107,
                0.19645000000000012
            ],
            [
                22.589684800141573,
                0.6646853633889154,
                0.19645000000000012
            ],
            [
                22.582489170796073,
                2.8246733779200897,
                0.19645000000000012
            ],
            [
                26.902465199858423,
                2.8390646366110848,
                0.19645000000000012
            ]
        ],
        "alpha": 0.0,
        "axis": [
            0.0,
            0.0,
            -1.0
        ],
        "center": [
            24.746074999999998,
            1.751875,
            -0.7635499999999998
        ],
        "class": "VanSUV",
        "id": 0,
        "occlusion": 1.0,
        "rot_angle": 3.1382613375459827,
        "size": [
            4.32,
            2.16,
            1.92
        ],
        "truncation": 0.0
    },
    "box_1": {
        "2d_bbox": [
            549.6677,
            708.2317,
            813.6072,
            895.9961
        ],
        "3d_points": [
            [
                17.819690264366322,
                1.605053611899132,
                -1.6980499999999998
            ],
            [
                14.31970343000632,
                1.595453648010924,
                -1.6980499999999998
            ],
            [
                14.314409735633681,
                3.5254463881008675,
                -1.6980499999999998
            ],
            [
                17.814396569993683,
                3.5350463519890756,
                -1.6980499999999998
            ],
            [
                17.819690264366322,
                1.605053611899132,
                -0.23804999999999987
            ],
            [
                14.31970343000632,
                1.595453648010924,
                -0.23804999999999987
            ],
            [
                14.314409735633681,
                3.5254463881008675,
                -0.23804999999999987
            ],
            [
                17.814396569993683,
                3.5350463519890756,
                -0.23804999999999987
            ]
        ],
        "alpha": 0.0,
        "axis": [
            0.0,
            0.0,
            -1.0
        ],
        "center": [
            16.067050000000002,
            2.56525,
            -0.9680499999999999
        ],
        "class": "Car",
        "id": 1,
        "occlusion": 1.0,
        "rot_angle": 3.138849803325411,
        "size": [
            3.5,
            1.93,
            1.46
        ],
        "truncation": 0.0
    },
    "box_2": {
        "2d_bbox": [
            948.7403,
            704.6224,
            1131.5819,
            855.1624
        ],
        "3d_points": [
            [
                17.8224,
                0.17570000000000008,
                -1.7039
            ],
            [
                21.3224,
                0.17570000000000008,
                -1.7039
            ],
            [
                21.3224,
                -1.7542999999999997,
                -1.7039
            ],
            [
                17.8224,
                -1.7542999999999997,
                -1.7039
            ],
            [
                17.8224,
                0.17570000000000008,
                -0.24390000000000012
            ],
            [
                21.3224,
                0.17570000000000008,
                -0.24390000000000012
            ],
            [
                21.3224,
                -1.7542999999999997,
                -0.24390000000000012
            ],
            [
                17.8224,
                -1.7542999999999997,
                -0.24390000000000012
            ]
        ],
        "alpha": 0.0,
        "axis": [
            1.0,
            0.0,
            0.0
        ],
        "center": [
            19.5724,
            -0.7892999999999999,
            -0.9739000000000001
        ],
        "class": "Car",
        "id": 2,
        "occlusion": 0.0,
        "rot_angle": 0.0,
        "size": [
            3.5,
            1.93,
            1.46
        ],
        "truncation": 0.0
    },
    "box_3": {
        "2d_bbox": [
            1460.1876,
            679.1962,
            1931.7213,
            903.9889
        ],
        "3d_points": [
            [
                14.080790537757679,
                -8.064075683038633,
                -1.7312
            ],
            [
                14.495466768371339,
                -4.618942358511983,
                -1.7312
            ],
            [
                16.63005946224232,
                -4.875874316961369,
                -1.7312
            ],
            [
                16.215383231628657,
                -8.321007641488018,
                -1.7312
            ],
            [
                14.080790537757679,
                -8.064075683038633,
                0.038799999999999946
            ],
            [
                14.495466768371339,
                -4.618942358511983,
                0.038799999999999946
            ],
            [
                16.63005946224232,
                -4.875874316961369,
                0.038799999999999946
            ],
            [
                16.215383231628657,
                -8.321007641488018,
                0.038799999999999946
            ]
        ],
        "alpha": 0.0,
        "axis": [
            0.0,
            0.0,
            1.0
        ],
        "center": [
            15.355424999999999,
            -6.469975000000001,
            -0.8462000000000001
        ],
        "class": "VanSUV",
        "id": 3,
        "occlusion": 1.0,
        "rot_angle": 1.4510068085967758,
        "size": [
            3.47,
            2.15,
            1.77
        ],
        "truncation": 1.0
    },
    "box_4": {
        "2d_bbox": [
            -247.6227,
            733.2364,
            596.5533,
            1257.3584
        ],
        "3d_points": [
            [
                8.985184227444222,
                1.9607911648636456,
                -1.64375
            ],
            [
                5.115185454498022,
                1.9577093804935983,
                -1.64375
            ],
            [
                5.113815772555778,
                3.677708835136354,
                -1.64375
            ],
            [
                8.983814545501978,
                3.6807906195064013,
                -1.64375
            ],
            [
                8.985184227444222,
                1.9607911648636456,
                -0.24375000000000013
            ],
            [
                5.115185454498022,
                1.9577093804935983,
                -0.24375000000000013
            ],
            [
                5.113815772555778,
                3.677708835136354,
                -0.24375000000000013
            ],
            [
                8.983814545501978,
                3.6807906195064013,
                -0.24375000000000013
            ]
        ],
        "alpha": 0.0,
        "axis": [
            0.0,
            0.0,
            -1.0
        ],