                  epoch,         train/box_loss,         train/cls_loss,         train/dfl_loss,   metrics/precision(B),      metrics/recall(B),       metrics/mAP50(B),    metrics/mAP50-95(B),           val/box_loss,           val/cls_loss,           val/dfl_loss,                 lr/pg0,                 lr/pg1,                 lr/pg2
                      0,                 1.0483,                 3.3494,                 0.9793,                0.00822,                0.69159,                0.12651,                0.11144,                0.81512,                 3.2373,                0.83596,                 0.0937,                 0.0007,                 0.0007
                      1,                0.96354,                 3.0542,                0.95041,                0.00933,                0.78505,                0.18393,                0.16759,                0.84281,                 3.1376,                0.84049,               0.086203,               0.001203,               0.001203
                      2,                0.96266,                 2.4494,                0.93963,                  0.009,                0.75701,                0.22416,                 0.2056,                0.85484,                  3.006,                0.83303,               0.078389,              0.0013892,              0.0013892
                      3,                0.91639,                 1.7954,                0.91079,                0.02107,                0.70093,                0.43247,                0.35214,                0.88809,                  2.789,                0.82813,               0.070259,              0.0012586,              0.0012586
                      4,                0.89897,                 1.4421,                0.90202,                      1,                0.13498,                0.39946,                0.34371,                 0.8452,                 2.6596,                0.82411,               0.061811,              0.0008112,              0.0008112
